{
  "name": "Patagónia + Buenos Aires + Rio",
  "itineraryRoute": "Lisboa → Santiago do Chile → Patagónia Chilena → Patagónia Argentina → Buenos Aires → Rio de Janeiro → Lisboa",
  "numberOfDays": "Número de dias: 21",
  "totalPrice": "TOTAL: 5&nbsp;208,50&nbsp;€",
  "figures": [
    {
      "source": "/Images/CL/santiago-chile.jpg",
      "alt": "Santiago do Chile",
      "caption": "Santiago"
    },
    {
      "source": "/Images/CL/torres-del-paine.jpg",
      "alt": "Torres del Paine",
      "caption": "Torres del Paine"
    },
    {
      "source": "/Images/CL/punta-arenas.jpg",
      "alt": "Punta Arenas",
      "caption": "Punta Arenas"
    },
    {
      "source": "/Images/CL/ptwilliams.jpg",
      "alt": "Porto Williams",
      "caption": "Porto Williams"
    },
    {
      "source": "/Images/AR/terra-do-fogo.jpg",
      "alt": "Ushuaia - terra do fogo",
      "caption": "Ushuaia"
    },
    {
      "source": "/Images/AR/el-calafate.jpg",
      "alt": "El Calafate - Perito Moreno",
      "caption": "El Calafate"
    },
    {
      "source": "/Images/AR/buenos-aires.jpg",
      "alt": "Buenos Aires",
      "caption": "Buenos Aires"
    },
    {
      "source": "/Images/BR/rio-janeiro.jpg",
      "alt": "Rio de Janeiro",
      "caption": "Rio de Janeiro"
    }
  ],
  "flights": 
  [
    {
      "from": "LIS - Lisboa",
      "to": "SCL - Santiago",
      "duration": "14:30",
      "stops": "São Paulo - 1h:10",
      "price": 736.00
    },
    {
      "from": "SCL - Santiago",
      "to": "PNT - Puerto Natales",
      "duration": "04:27",
      "stops": "",
      "price": 146.00
    },
    {
      "from": "PUQ - Punta Arenas",
      "to": "WPU - Porto Williams",
      "duration": "01:15",
      "stops": "",
      "price": 112.00
    },
    {
      "from": "USH - Ushuaia",
      "to": "FTE - El Calafate",
      "duration": "01:2O",
      "stops": "",
      "price": 210.00
    },
    {
      "from": "FTE - El Calafate",
      "to": "AEP - Buenos Aires",
      "duration": "03:00",
      "stops": "",
      "price": 90.00
    },
    {
      "from": "AEP - Buenos Aires",
      "to": "GIG - Rio de Janeiro",
      "duration": "02:55",
      "stops": "",
      "price": 183.00
    },
    {
      "from": "GIG - Rio de Janeiro",
      "to": "LIS - Lisboa",
      "duration": "09:40",
      "stops": "",
      "price": 699.00
    }
  ], 
  "restaurants":[], 
  "tours": 
  [
    {
      "name": "Torres del Paine",
      "href": "https://www.civitatis.com/pt/puerto-natales/excursao-parque-torres-paine/?srsltid=AfmBOoqlb4zInSSvByn4AshX-cextxVRuesYNoJppdwp4XVTzurhgiCK#detalhes",
      "location": "Porto Natale",
      "price": "79,00&nbsp;€"
    },
    {
      "name": "Glaciares Balmaceda e Serrano, de barco",
      "href": "https://www.civitatis.com/pt/puerto-natales/excursao-glaciares-balmaceda-serrano-barco/?srsltid=AfmBOorfhYy7mJUc1CIcWt9vPFQknZfAZ9B3bvj0-oD6xSP_8qzwDOMu",
      "location": "Porto Natale",
      "price": "118,00&nbsp;€"
    },
    {
      "name": "Glaciar Perito Moreno",
      "href": "https://www.civitatis.com/pt/puerto-natales/excursao-parque-torres-paine/?srsltid=AfmBOoqlb4zInSSvByn4AshX-cextxVRuesYNoJppdwp4XVTzurhgiCK#detalhes",
      "location": "El Calafate",
      "price": "127,00&nbsp;€"
    },
    {
      "name": "Autocarro Porto Natales - Punta Arenas",
      "href": "https://www.busbud.com/es-419/cl-cl/autobus-puerto-natales-punta-arenas/r-sem/4qu3wn-4qt9d1?utm_source=google&utm_medium=cpc&utm_campaign=route-bus-2025-es-chile&gad_source=1&gad_campaignid=22149382942&gbraid=0AAAAADiKd4VVWtSFlm7RDSodSexHJ-wDK&gclid=CjwKCAiAv5bMBhAIEiwAqP9GuLrjw8VhVp1gmlRrhUcNrnmpFEvKwSLLgNR9UgWe8F8yiAzzhi90ZBoCOuwQAvD_BwE",
      "location": "Porto Natales",
      "price": "8,00&nbsp;€"
    },
    {
      "name": "Parque Nacional da Terra do Fogo",
      "href": "https://www.civitatis.com/pt/ushuaia/excursao-tierra-fuego-trem-fim-mundo/?_gl=1*8nhlmx*_up*MQ..*_ga*MTIzODYyOTk0OS4xNzcwMzg2MTE4*_ga_QJQ54CTKPM*czE3NzAzODYxMTgkbzEkZzAkdDE3NzAzODYxMTgkajYwJGwwJGgw*_ga_216706797*czE3NzAzODYxMTgkbzEkZzAkdDE3NzAzODYxMTgkajYwJGwwJGgxNzIxMzc2NDYx",
      "location": "Ushuaia",
      "price": "72,95&nbsp;€"
    }
  ], 
  "flightSearch": 
  [
    {
      "from": "LIS",
      "to": "SCL",
      "offset": 0
    },
    {
      "from": "SCL",
      "to": "PNT",
      "offset": 3
    },
    {
      "from": "PUQ",
      "to": "WPU",
      "offset": 8
    },
    {
      "from": "USH",
      "to": "FTE",
      "offset": 10
    },
    {
      "from": "FTE",
      "to": "AEP",
      "offset": 14
    },
    {
      "from": "AEP",
      "to": "GIG",
      "offset": 16
    },
    {
      "from": "GIG",
      "to": "LIS",
      "offset": 21
    }
  ],
  "days": [
    {
      "date": "Dia 1",
      "city": "Viagem para o Chile",
      "transport": [
        {
          "type": "avião",
          "text": ""
        }
      ],
      "details": [
        {
          "label": null,
          "items": [
            "Viagem para Santiago."
          ]
        }
      ]
    },
    {
      "date": "Dia 2",
      "city": "Visitar Santiago",
      "transport": [],
      "details": [
        {
          "label": null,
          "items": [
            "Começar pela Plaza de Armas (Catedral Metropolitana e edifícios históricos)",
            "Visitar o Palacio de La Moneda",
            "Almoço no Mercado Central ou no Bairro Lastarria",
            "Tarde no Bairro Lastarria e no Museu Nacional de Belas Artes",
            "Fim do dia no Cerro Santa Lucía para vista da cidade"
          ]
        }
      ]
    },
    {
      "date": "Dia 3",
      "city": "Visitar Santiago",
      "transport": [],
      "details": [
        {
          "label": null,
          "items": [
            "Visita ao Cerro San Cristóbal (vista da cidade e da Cordilheira dos Andes)",
            "Após almoço: tour a uma vinícola (Concha y Toro, Santa Rita ou Undurraga)",
            "Jantar em Providencia ou Vitacura"
          ]
        }
      ]
    },
    {
      "date": "Dia 4",
      "city": "Viagem para Puerto Natales",
      "transport": [
        {
          "type": "avião",
          "text": ""
        }
      ],
      "details": [
        {
          "label": null,
          "items": [
            "Passeio ao entardecer pela orla de Puerto Natales (fiordes e Monumento à Mão)"
          ]
        }
      ]
    },
    {
      "date": "Dia 5",
      "city": "Torres del Paine · Cavernas do Milodón",
      "transport": [
        {
          "type": "tour",
          "text": ""
        }
      ],
      "details": [
        {
          "label": null,
          "items": [
            "Saída de Puerto Natales para dia inteiro no Parque Nacional Torres del Paine",
            "Visita às Cavernas do Milodón",
            "Paradas: El Castillo, Laguna Amarga, lagos Nordenskjöld e Pehoé",
            "Caminhada até o Salto Grande com vista do Mirador Cuernos",
            "Região do Lago Grey: observar geleira e caminhada na floresta de lengas",
            "Regresso a Puerto Natales no final do dia"
          ]
        }
      ]
    },
    {
      "date": "Dia 6",
      "city": "Balmaceda & Serrano (navegação)",
      "transport": [
        {
          "type": "tour",
          "text": ""
        }
      ],
      "details": [
        {
          "label": null,
          "items": [
            "Navegação pelo Fiorde Última Esperanza (paisagens, fauna, montanhas e cascatas)",
            "Observação da Geleira Balmaceda",
            "Caminhada ao mirante da Geleira Serrano (PN Bernardo O’Higgins)",
            "Parada em estância para uísque com gelo milenar",
            "Regresso a Puerto Natales ao fim da tarde"
          ]
        }
      ]
    },
    {
      "date": "Dia 7",
      "city": "Ida para Punta Arenas",
      "transport": [
        {
          "type": "autocarro",
          "text": ""
        }
      ],
      "details": [
        {
          "label": null,
          "items": [
            "Chegada e passeio pelo centro histórico",
            "Plaza Muñoz Gamero, Mirador Cerro de la Cruz",
            "Orla do Estreito de Magalhães"
          ]
        }
      ]
    },
    {
      "date": "Dia 8",
      "city": "Punta Arenas · Isla Magdalena",
      "transport": [],
      "details": [
        {
          "label": null,
          "items": [
            "Passeio à Isla Magdalena para ver pinguins"
          ]
        }
      ]
    },
    {
      "date": "Dia 9",
      "city": "Punta Arenas → Puerto Williams",
      "transport": [
        {
          "type": "avião",
          "text": ""
        }
      ],
      "details": [
        {
          "label": null,
          "items": [
            "Trekking curto no Parque Dientes de Navarino ou passeio pelo porto"
          ]
        }
      ]
    },
    {
      "date": "Dia 10",
      "city": "Puerto Williams → Ushuaia",
      "transport": [
        {
          "type": "ferry",
          "text": ""
        }
      ],
      "details": [
        {
          "label": null,
          "items": [
            "Travessia de barco (ferry) até Ushuaia — passeio e transporte"
          ]
        }
      ]
    },
    {
      "date": "Dia 11",
      "city": "Ushuaia",
      "transport": [],
      "details": [
        {
          "label": null,
          "items": [
            "Visita ao Parque Nacional Tierra del Fuego"
          ]
        }
      ]
    },
    {
      "date": "Dia 12",
      "city": "Ushuaia → El Calafate",
      "transport": [
        {
          "type": "avião",
          "text": ""
        }
      ],
      "details": [
        {
          "label": null,
          "items": [
            "Explorar o centro de El Calafate (artesanato e cafés)"
          ]
        }
      ]
    },
    {
      "date": "Dia 13",
      "city": "El Calafate · Perito Moreno",
      "transport": [
        {
          "type": "tour",
          "text": ""
        }
      ],
      "details": [
        {
          "label": null,
          "items": [
            "Saída cedo rumo ao PN Los Glaciares para conhecer o Glaciar Perito Moreno"
          ]
        }
      ]
    },
    {
      "date": "Dia 14",
      "city": "El Calafate → Buenos Aires",
      "transport": [
        {
          "type": "avião",
          "text": ""
        }
      ],
      "details": [
        {
          "label": null,
          "items": [
            "De manhã: Glaciarium ou passeio pelo Lago Argentino",
            "Preparar tudo para o voo para Buenos Aires"
          ]
        }
      ]
    },
    {
      "date": "Dia 15",
      "city": "Buenos Aires",
      "transport": [],
      "details": [
        {
          "label": null,
          "items": [
            "City tour Hop On Hop Off",
            "Visitar Palermo e La Boca",
            "Café no centro histórico e passagem pelo marco da Mafalda"
          ]
        }
      ]
    },
    {
      "date": "Dia 16",
      "city": "Ida para o Rio de Janeiro",
      "transport": [
        {
          "type": "avião",
          "text": ""
        }
      ],
      "details": [
        {
          "label": null,
          "items": [
            "Voo para o Rio de Janeiro para dias de descanso"
          ]
        }
      ]
    },
    {
      "date": "Dia 17",
      "city": "Rio de Janeiro",
      "transport": [],
      "details": [
        {
          "label": null,
          "items": [
            "Praça XV e Paço Imperial",
            "Biblioteca do Real Gabinete Português de Leitura",
            "Pausa na Confeitaria Colombo",
            "Jantar animado na Lapa"
          ]
        }
      ]
    },
    {
      "date": "Dia 18",
      "city": "Rio de Janeiro",
      "transport": [],
      "details": [
        {
          "label": null,
          "items": [
            "Subida ao Cristo Redentor",
            "Bairro de Santa Teresa (ateliês, ruas de paralelepípedos, Parque das Ruínas)"
          ]
        }
      ]
    },
    {
      "date": "Dia 19",
      "city": "Rio de Janeiro",
      "transport": [],
      "details": [
        {
          "label": null,
          "items": [
            "Manhã em Copacabana e Ipanema (calçadão e praia)",
            "Tarde: bondinho ao Pão de Açúcar (vista da Baía de Guanabara)",
            "Passeio pela Urca e jantar à beira‑mar"
          ]
        }
      ]
    },
    {
      "date": "Dia 20",
      "city": "Rio de Janeiro",
      "transport": [],
      "details": [
        {
          "label": null,
          "items": [
            "Manhã no Jardim Botânico",
            "Almoço próximo à Lagoa Rodrigo de Freitas",
            "Fim do dia no Leblon"
          ]
        }
      ]
    },
    {
      "date": "Dia 21",
      "city": "Regresso a Lisboa",
      "transport": [
        {
          "type": "avião",
          "text": ""
        }
      ],
      "details": [
        {
          "label": null,
          "items": [
            "Relaxar na piscina ou na praia antes do aeroporto"
          ]
        }
      ]
    }
  ],
  "hotels": [
      {
        "hotel": "Hotel Plaza San Francisco",
        "url": "https://www.booking.com/hotel/cl/plaza-san-francisco.pt-pt.html?aid=304142&label=gen173nr-10CAEoggI46AdIM1gEaEaIAQGYATO4AQfIAQzYAQPoAQH4AQGIAgGoAgG4AszVlMwGwAIB0gIkN2IxMTc4MTYtNjU5Yi00NDYxLTlmMjMtZjQwMTlkZTAxZDVl2AIB4AIB&sid=957479400a6c1f6c3601ef700b18ccfb&all_sr_blocks=17627103_91910720_2_41_0_264227&checkin=2026-11-03&checkout=2026-11-06&dest_id=-901202&dest_type=city&dist=0&group_adults=2&group_children=0&hapos=5&highlighted_blocks=17627103_91910720_2_41_0_264227&hpos=5&matching_block_id=17627103_91910720_2_41_0_264227&no_rooms=1&req_adults=2&req_children=0&room1=A%2CA&sb_price_type=total&sr_order=popularity&sr_pri_blocks=17627103_91910720_2_41_0_264227_42436&srepoch=1770335031&srpvid=26dda6b188dd0326&type=total&ucfs=1&",
        "local": "Santiago",
        "noites": 3,
        "regime": "PA",
        "preco": 180.00
      },
      {
        "hotel": "Hotel Costanera",
        "url": "https://www.booking.com/hotel/cl/costanera-puerto-natales.pt-pt.html?aid=304142&label=gen173nr-10CAEoggI46AdIM1gEaEaIAQGYATO4AQfIAQzYAQPoAQH4AQGIAgGoAgG4AszVlMwGwAIB0gIkN2IxMTc4MTYtNjU5Yi00NDYxLTlmMjMtZjQwMTlkZTAxZDVl2AIB4AIB&sid=957479400a6c1f6c3601ef700b18ccfb&all_sr_blocks=933751501_365458647_2_1_0_220813&checkin=2026-11-06&checkout=2026-11-09&dist=0&group_adults=2&group_children=0&hapos=3&highlighted_blocks=933751501_365458647_2_1_0_220813&hpos=3&matching_block_id=933751501_365458647_2_1_0_220813&nflt=roomfacility%3D38%3Breview_score%3D80%3Bht_id%3D204&no_rooms=1&req_adults=2&req_children=0&room1=A%2CA&sb_price_type=total&sr_order=popularity&sr_pri_blocks=933751501_365458647_2_1_0_220813_77836&srepoch=1770335103&srpvid=befca6eca70c0070&type=total&ucfs=1&",
        "local": "Puerto Natales",
        "noites": 3,
        "regime": "PA",
        "preco": 330.00
      },
      {
        "hotel": "Hotel Cabo de Hornos",
        "url": "https://www.booking.com/hotel/cl/cabo-de-hornos.pt-pt.html?aid=304142&label=gen173nr-10CAEoggI46AdIM1gEaEaIAQGYATO4AQfIAQzYAQPoAQH4AQGIAgGoAgG4AszVlMwGwAIB0gIkN2IxMTc4MTYtNjU5Yi00NDYxLTlmMjMtZjQwMTlkZTAxZDVl2AIB4AIB&sid=957479400a6c1f6c3601ef700b18ccfb&all_sr_blocks=27440301_89155844_0_41_0&checkin=2026-11-09&checkout=2026-11-11&dest_id=-897667&dest_type=city&dist=0&group_adults=2&group_children=0&hapos=1&highlighted_blocks=27440301_89155844_0_41_0&hpos=1&matching_block_id=27440301_89155844_0_41_0&nflt=review_score%3D80%3Broomfacility%3D38&no_rooms=1&req_adults=2&req_children=0&room1=A%2CA&sb_price_type=total&sr_order=popularity&sr_pri_blocks=27440301_89155844_0_41_0__53000&srepoch=1770335215&srpvid=1f8ea7295e790367&type=total&ucfs=1&",
        "local": "Punta Arenas",
        "noites": 2,
        "regime": "PA",
        "preco": 224.50
      },
      {
        "hotel": "Errante Ecolodge",
        "url": "https://www.booking.com/hotel/cl/errante-ecolodge.pt-pt.html?aid=304142&label=gen173nr-10CAEoggI46AdIM1gEaEaIAQGYATO4AQfIAQzYAQPoAQH4AQGIAgGoAgG4AszVlMwGwAIB0gIkN2IxMTc4MTYtNjU5Yi00NDYxLTlmMjMtZjQwMTlkZTAxZDVl2AIB4AIB&sid=957479400a6c1f6c3601ef700b18ccfb&all_sr_blocks=191541404_413431291_2_40_0&checkin=2026-11-11&checkout=2026-11-12&dest_id=-897524&dest_type=city&dist=0&group_adults=2&group_children=0&hapos=2&highlighted_blocks=191541404_413431291_2_40_0&hpos=2&matching_block_id=191541404_413431291_2_40_0&nflt=roomfacility%3D38%3Breview_score%3D80&no_rooms=1&req_adults=2&req_children=0&room1=A%2CA&sb_price_type=total&sr_order=popularity&sr_pri_blocks=191541404_413431291_2_40_0__25704&srepoch=1770335292&srpvid=e19ba7527f0f00ce&type=total&ucfs=1&",
        "local": "Puerto Williams",
        "noites": 1,
        "regime": "PA",
        "preco": 109.00
      },
      {
        "hotel": "Hotel Canal Beagle",
        "url": "https://www.booking.com/hotel/ar/canal-beagle-ushuaia.pt-pt.html?aid=304142&label=gen173nr-10CAEoggI46AdIM1gEaEaIAQGYATO4AQfIAQzYAQPoAQH4AQGIAgGoAgG4AszVlMwGwAIB0gIkN2IxMTc4MTYtNjU5Yi00NDYxLTlmMjMtZjQwMTlkZTAxZDVl2AIB4AIB&sid=957479400a6c1f6c3601ef700b18ccfb&all_sr_blocks=801707902_341407502_2_1_0&checkin=2026-11-12&checkout=2026-11-14&dest_id=-1018179&dest_type=city&dist=0&group_adults=2&group_children=0&hapos=2&highlighted_blocks=801707902_341407502_2_1_0&hpos=2&matching_block_id=801707902_341407502_2_1_0&nflt=review_score%3D80%3Broomfacility%3D38%3Bht_id%3D204&no_rooms=1&req_adults=2&req_children=0&room1=A%2CA&sb_price_type=total&sr_order=popularity&sr_pri_blocks=801707902_341407502_2_1_0__36320&srepoch=1770335402&srpvid=4bada7858a59031c&type=total&ucfs=1&",
        "local": "Ushuaia",
        "noites": 2,
        "regime": "PA",
        "preco": 154.00
      },
      {
        "hotel": "Esplendor by Wyndham",
        "url": "https://www.booking.com/hotel/ar/esplendor-calafate.pt-pt.html?aid=304142&label=gen173nr-10CAEoggI46AdIM1gEaEaIAQGYATO4AQfIAQzYAQPoAQH4AQGIAgGoAgG4AszVlMwGwAIB0gIkN2IxMTc4MTYtNjU5Yi00NDYxLTlmMjMtZjQwMTlkZTAxZDVl2AIB4AIB&sid=957479400a6c1f6c3601ef700b18ccfb&all_sr_blocks=7925609_90438237_3_1_0&checkin=2026-11-14&checkout=2026-11-16&dest_id=-985388&dest_type=city&dist=0&group_adults=2&group_children=0&hapos=14&highlighted_blocks=7925609_90438237_3_1_0&hpos=14&matching_block_id=7925609_90438237_3_1_0&nflt=roomfacility%3D38%3Bht_id%3D204%3Breview_score%3D80&no_rooms=1&req_adults=2&req_children=0&room1=A%2CA&sb_price_type=total&sr_order=popularity&sr_pri_blocks=7925609_90438237_3_1_0__65484&srepoch=1770335465&srpvid=af30a7ab11aa009d&type=total&ucfs=1&",
        "local": "El Calafate",
        "noites": 2,
        "regime": "PA",
        "preco": 277.50
      },
      {
        "hotel": "Palo Santo Hotel",
        "url": "https://www.palosantohotel.com/",
        "local": "Buenos Aires",
        "noites": 1,
        "regime": "PA",
        "preco": 223.00
      },
      {
        "hotel": "Fairmont Rio",
        "url": "https://www.booking.com/hotel/br/rio-de-janeiro.pt-pt.html?aid=304142&label=gen173nr-10CAEoggI46AdIM1gEaEaIAQGYATO4AQfIAQzYAQPoAQH4AQGIAgGoAgG4AszVlMwGwAIB0gIkN2IxMTc4MTYtNjU5Yi00NDYxLTlmMjMtZjQwMTlkZTAxZDVl2AIB4AIB&sid=957479400a6c1f6c3601ef700b18ccfb&all_sr_blocks=1182540_95134727_2_34_0&checkin=2026-11-18&checkout=2026-11-23&dest_id=11825&dest_type=hotel&dist=0&group_adults=2&group_children=0&hapos=1&highlighted_blocks=1182540_95134727_2_34_0&hpos=1&matching_block_id=1182540_95134727_2_34_0&no_rooms=1&req_adults=2&req_children=0&room1=A%2CA&sb_price_type=total&sr_order=popularity&sr_pri_blocks=1182540_95134727_2_34_0__1108383&srepoch=1770335697&srpvid=d5b2a82379c104be&type=total&ucfs=1&",
        "local": "Rio de Janeiro",
        "noites": 5,
        "regime": "PA",
        "preco": 1130.00
      }
    ]
}